{"app_id": "com.catchoom.test", "tokens": ["d466a44a86874913"], "last-modified": "1469886170", "name": "AugeBricks", "uuid": "d40733a57fe14a71b86adbf850607cf7", "image_template": "https://crs-beta-catchoom.s3.amazonaws.com/cache/collections/{collection_uuid}/images/{item_uuid}_{image_uuid}_thumb_120.jpe", "items": {"0dd0c18ae7144a76b91389d2d7048b94": {"name": "video", "url": "", "custom": "", "content": {"contents_v2": [{"textures": {"RUNNING_SHOES.png": "media/b76a78891c794493b52fac5eea40e98c/RUNNING_SHOES.jpg"}, "scale": [1, 1, 1], "model_url": "media/b76a78891c794493b52fac5eea40e98c/RUNNING_SHOES.obj", "uuid": "26364E15-4A6C-4981-B809-FAADAFA747D5", "media_uuid": "b76a78891c794493b52fac5eea40e98c", "rotation_euler": [0, 0, 0], "mtl": "media/b76a78891c794493b52fac5eea40e98c/RUNNING_SHOES.mtl", "alpha": 1, "type": "3dmodel", "translation": [0, 0, 0], "rotation_matrix": [1, 0, 0, 0, 0, 1, 0, 0, 0, 0, 1, 0, 0, 0, 0, 1]}], "version": 2}, "images": ["b9bae7dd382d4b4684fee661aca311d3"], "trackable": true}, "d9b9eac28cb64cf297abb6ebc4703f29": {"name": "dbz", "url": "", "custom": "", "content": {"contents_v2": [{"scale": [1, 1, 1], "uuid": "A4B8A3DA-224E-40C4-B8B3-092D925342A1", "media_uuid": "2e5602ac42724501919eb0e1875ba2f6", "rotation_euler": [0, 0, 0], "image_url": "media/2e5602ac42724501919eb0e1875ba2f6/images.jpeg", "alpha": 1, "translation": [36.04063647247692, 0, 0], "type": "image", "rotation_matrix": [1, 0, 0, 0, 0, 1, 0, 0, 0, 0, 1, 0, 0, 0, 0, 1]}], "version": 2}, "images": ["e46f7fe404244420987f7be57b5cfaf8"], "trackable": true}}, "index_template": "https://48a9ff3c9ed24e9d455d-d632e246998d242b61b7539cab4293fe.ssl.cf5.rackcdn.com/bundles/d40733a57fe14a71b86adbf850607cf7/ARSDK-4/com.catchoom.test/files/{item_uuid}_{image_uuid}.index_s", "sdk_version": "ARSDK-4", "tracking_template": "https://48a9ff3c9ed24e9d455d-d632e246998d242b61b7539cab4293fe.ssl.cf5.rackcdn.com/bundles/d40733a57fe14a71b86adbf850607cf7/ARSDK-4/com.catchoom.test/files/{item_uuid}.ctf", "pubkey": "-----BEGIN PUBLIC KEY-----\nMIIBIjANBgkqhkiG9w0BAQEFAAOCAQ8AMIIBCgKCAQEA02lKzJ7KpRGBx3yuR+wP\ngfwRZ3/aqcm6S3y6Npwfo3pVnB0zveYECcKSvlHyTfJ7Qeffh7oF+USOcgCqvftS\n2X14vF36+s514BtRv1w9hOV6TYVnNwXvl9d039KTk3dYXSgpDUdCh2Td0nSXxtyV\nV/Wfh+KujZJbnOyzyXuH2eYVonIk2/iBYN948piioQXgMoePF2KY4eDYLjajyLHs\n40jot0O7VHyCqhjNp514QZa2zzuGcYG4690HZt5Rc/yjpoi8m3/o54JG6Ix72OIg\n85OpsVKdSG1EN60S6HduUTm4p0rF8UUB6Wm5Vq8LYcD8VqX60cp7h578HcEqlZbh\nbQIDAQAB\n-----END PUBLIC KEY-----"}